<?xml version="1.0"?>
<!DOCTYPE module PUBLIC "-//Checkstyle//DTD Checkstyle Configuration 1.3//EN"
		"https://checkstyle.org/dtds/configuration_1_3.dtd">
<module name="Checker">
	<module name="SuppressionFilter">
		<property name="file" value="${config_loc}/suppressions.xml"/>
	</module>
	<module name="io.spring.nohttp.checkstyle.check.NoHttpCheck"/>
	<module name="io.spring.javaformat.checkstyle.SpringChecks"/>
	<module name="com.puppycrawl.tools.checkstyle.TreeWalker">
		<module name="io.spring.javaformat.checkstyle.check.SpringJUnit5Check"/>
		<module name="com.puppycrawl.tools.checkstyle.checks.imports.IllegalImportCheck">
			<property name="regexp" value="true"/>
			<property name="illegalPkgs"
					value="^sun.*, ^org\.apache\.commons\.(?!compress|dbcp2|lang|lang3|logging|pool2).*, ^com\.google\.common.*, ^org\.flywaydb\.core\.internal.*, ^org\.testcontainers\.shaded.*"/>
			<property name="illegalClasses"
					value="^reactor\.core\.support\.Assert, ^org\.junit\.rules\.ExpectedException, ^org\.slf4j\.LoggerFactory"/>
		</module>
		<module name="com.puppycrawl.tools.checkstyle.checks.regexp.RegexpSinglelineJavaCheck">
			<property name="maximum" value="0"/>
			<property name="format" value="org\.junit\.Assert\.assert"/>
			<property name="message" value="Please use AssertJ imports."/>
			<property name="ignoreComments" value="true"/>
		</module>
		<module name="com.puppycrawl.tools.checkstyle.checks.regexp.RegexpSinglelineJavaCheck">
			<property name="maximum" value="0"/>
			<property name="format"
					value="assertThatExceptionOfType\((NullPointerException|IllegalArgumentException|IOException|IllegalStateException)\.class\)"/>
			<property name="message" value="Please use specialized AssertJ assertThat*Exception method."/>
			<property name="ignoreComments" value="true"/>
		</module>
		<module name="com.puppycrawl.tools.checkstyle.checks.regexp.RegexpSinglelineJavaCheck">
			<property name="maximum" value="0"/>
			<property name="format" value="org\.mockito\.Mockito\.(when|doThrow|doAnswer)"/>
			<property name="message" value="Please use BDDMockito imports."/>
			<property name="ignoreComments" value="true"/>
		</module>
	</module>
</module>
