<?xml version="1.0" encoding="UTF-8"?>
<beans xmlns="http://www.springframework.org/schema/beans"
	xmlns:xsi="http://www.w3.org/2001/XMLSchema-instance"
	xmlns:context="http://www.springframework.org/schema/context"
	xmlns:jpa="http://www.springframework.org/schema/data/jpa"
	xmlns:tx="http://www.springframework.org/schema/tx"
	xsi:schemaLocation="
	http://www.springframework.org/schema/beans 
	http://www.springframework.org/schema/beans/spring-beans.xsd
		http://www.springframework.org/schema/context 
		http://www.springframework.org/schema/context/spring-context-4.1.xsd
		http://www.springframework.org/schema/data/jpa 
		http://www.springframework.org/schema/data/jpa/spring-jpa-1.3.xsd
		http://www.springframework.org/schema/tx 
		http://www.springframework.org/schema/tx/spring-tx-4.1.xsd">

	<jpa:repositories base-package="br.com.devmedia.curso.repository"/>
	
	<context:property-placeholder location="application.properties"/>
	
	<tx:annotation-driven transaction-manager="transactionManager"/>
	
	<bean id="transactionManager" 
		class="org.springframework.orm.jpa.JpaTransactionManager">
		<property name="entityManagerFactory" ref="entityManagerFactory"/>
		<property name="jpaDialect">
			<bean class="org.springframework.orm.jpa.vendor.HibernateJpaDialect"/>
		</property>
	</bean>
	
	<bean id="entityManagerFactory" 
		class="org.springframework.orm.jpa.LocalContainerEntityManagerFactoryBean">
		<property name="dataSource" ref="dataSource"/>
		<property name="packagesToScan" value="br.com.devmedia.curso.entity"/>
		<property name="jpaVendorAdapter">
			<bean class="org.springframework.orm.jpa.vendor.HibernateJpaVendorAdapter">
				<property name="showSql" value="true"/>
				<property name="generateDdl" value="true"/>
			</bean>
		</property>	
	</bean>
	
	<bean id="dataSource" 
		class="org.springframework.jdbc.datasource.DriverManagerDataSource">
		<property name="username" value="${jdbc.user}"/>
		<property name="password" value="${jdbc.pass}"/>
		<property name="driverClassName" value="${jdbc.driver}"/>
		<property name="url" value="${jdbc.url}"/>	
	</bean>
</beans>
